"","mean","std","min","max"
"Ensemble",-2.78180731358091,0.307195066283735,-4.02550025963983,-2.33333658929616
