"","95%violation","97.5%violation","99%violation"
"Ensemble",0.0483425414364641,0.0207182320441989,0.0069060773480663
